<?xml version="1.0" encoding="UTF-8" ?>
<!DOCTYPE mapper
PUBLIC "-//mybatis.org//DTD Mapper 3.0//EN"
"http://mybatis.org/dtd/mybatis-3-mapper.dtd">
<!-- sql 작성 -->
<mapper namespace="com.smhrd.mapper.CalendarMapper">
	
	<insert id="insertCalendar" parameterType="calendarDTO">
		insert into Calendar values(num_calendar.nextval,#{id},to_date(#{calendarDateStart}, 'YYYY-MM-DD'),to_date(#{calendarDateFinish}, 'YYYY-MM-DD'),#{color},#{exercise},#{memo})		
	</insert>
	
	<select id="showCalendar"  parameterType="String" resultType="calendarDTO">
		select * from Calendar where id=#{id}
	</select>
	
	<delete id="deleteCalendar" parameterType="String">
		delete from Calendar where calendarDateStart=to_date(#{calendarDateStart},'YYYY-MM-DD')
	</delete>
	
	<update id="CalendarUpdate" parameterType="MemberDTO">
		update Calendar set calendarDateStart=to_date(#{calendarDateStart},'YYYY-MM-DD'),calendarDateFinish=to_date(#{calendarDateFinish}, 'YYYY-MM-DD'),color=#{color},memo=#{memo} where calendarDateStart=to_date(#{calendarDateStart}, 'YYYY-MM-DD')   
		</update>
</mapper>