[
	{
		"_id": "qwe",
		"title": "asfdf",
		"description": "ㅇ",
		"start": "2022-07-12 00:00:00.0",
		"end": "2022-07-12 00:00:00.0",
		"type": "",
		"username": "나연",
		"backgroundColor": "#D25565",
		"textColor": "#ffffff",
		"allDay": false
	},
	{
		"_id": "qwe",
		"title": "asd",
		"description": "ㅇ",
		"start": "2022-07-13 00:00:00.0",
		"end": "2022-07-13 00:00:00.0",
		"type": "",
		"username": "나연",
		"backgroundColor": "#D25565",
		"textColor": "#ffffff",
		"allDay": false
	},
	{
		"_id": "qwe",
		"title": "sdf",
		"description": "ㅇ",
		"start": "2022-07-23 00:00:00.0",
		"end": "2022-07-23 00:00:00.0",
		"type": "",
		"username": "나연",
		"backgroundColor": "#D25565",
		"textColor": "#ffffff",
		"allDay": false
	},
	{
		"_id": "qwe",
		"title": "asd",
		"description": "ㅇ",
		"start": "2022-07-09 00:00:00.0",
		"end": "2022-07-09 00:00:00.0",
		"type": "",
		"username": "나연",
		"backgroundColor": "#D25565",
		"textColor": "#ffffff",
		"allDay": false
	},
	{
		"_id": "qwe",
		"title": "asd",
		"description": "ㅇ",
		"start": "2022-07-13 00:00:00.0",
		"end": "2022-07-13 00:00:00.0",
		"type": "",
		"username": "나연",
		"backgroundColor": "#D25565",
		"textColor": "#ffffff",
		"allDay": false
	},
	{
		"_id": "qwe",
		"title": "asd",
		"description": "ㅇ",
		"start": "2022-07-13 00:00:00.0",
		"end": "2022-07-13 00:00:00.0",
		"type": "",
		"username": "나연",
		"backgroundColor": "#D25565",
		"textColor": "#ffffff",
		"allDay": false
	},
	{
		"_id": "qwe",
		"title": "asds",
		"description": "ㅇ",
		"start": "2022-07-16 00:00:00.0",
		"end": "2022-07-16 00:00:00.0",
		"type": "",
		"username": "나연",
		"backgroundColor": "#63e6be",
		"textColor": "#ffffff",
		"allDay": false
	},
	{
		"_id": "qwe",
		"title": "asds",
		"description": "ㅇ",
		"start": "2022-07-16 00:00:00.0",
		"end": "2022-07-16 00:00:00.0",
		"type": "",
		"username": "나연",
		"backgroundColor": "#63e6be",
		"textColor": "#ffffff",
		"allDay": false
	},
	{
		"_id": "qwe",
		"title": "asd",
		"description": "ㅇ",
		"start": "2022-07-15 00:00:00.0",
		"end": "2022-07-15 00:00:00.0",
		"type": "",
		"username": "나연",
		"backgroundColor": "#9775fa",
		"textColor": "#ffffff",
		"allDay": false
	},
	{
		"_id": "qwe",
		"title": "asd",
		"description": "ㅇ",
		"start": "2022-07-15 00:00:00.0",
		"end": "2022-07-15 00:00:00.0",
		"type": "",
		"username": "나연",
		"backgroundColor": "#9775fa",
		"textColor": "#ffffff",
		"allDay": false
	},
	{
		"_id": "qwe",
		"title": "asd",
		"description": "ㅇ",
		"start": "2022-07-15 00:00:00.0",
		"end": "2022-07-15 00:00:00.0",
		"type": "",
		"username": "나연",
		"backgroundColor": "#9775fa",
		"textColor": "#ffffff",
		"allDay": false
	},
	{
		"_id": "qwe",
		"title": "ewr",
		"description": "ㅇ",
		"start": "2022-07-12 00:00:00.0",
		"end": "2022-07-12 00:00:00.0",
		"type": "",
		"username": "나연",
		"backgroundColor": "#D25565",
		"textColor": "#ffffff",
		"allDay": false
	},
	{
		"_id": "qwe",
		"title": "ewr",
		"description": "ㅇ",
		"start": "2022-06-29 00:00:00.0",
		"end": "2022-06-29 00:00:00.0",
		"type": "",
		"username": "나연",
		"backgroundColor": "#D25565",
		"textColor": "#ffffff",
		"allDay": false
	},
	{
		"_id": "qwe",
		"title": "asdf",
		"description": "ㅇ",
		"start": "2022-06-30 00:00:00.0",
		"end": "2022-06-30 00:00:00.0",
		"type": "",
		"username": "나연",
		"backgroundColor": "#D25565",
		"textColor": "#ffffff",
		"allDay": false
	}
]